"Reference","Value","Datasheet","Footprint","Qty","DNP"
"C1,C2,C3,C4,C5","C","~","Capacitor_SMD:C_0603_1608Metric_Pad1.08x0.95mm_HandSolder","5",""
"D1","LED","~","LED_SMD:LED_0805_2012Metric_Pad1.15x1.40mm_HandSolder","1",""
"J1","Cnn","~","Connector_PinHeader_2.54mm:PinHeader_1x02_P2.54mm_Vertical","1",""
"J2,J3","Conn_01x04_Pin","~","Connector_PinHeader_1.27mm:PinHeader_1x04_P1.27mm_Vertical","2",""
"R1,R2,R3,R4","R","~","Resistor_SMD:R_0603_1608Metric_Pad0.98x0.95mm_HandSolder","4",""
"U1","CCS801","","CCS803:XDCR_CCS801","1",""
"U2","ATtiny85","http://ww1.microchip.com/downloads/en/DeviceDoc/atmel-2586-avr-8-bit-microcontroller-attiny25-attiny45-attiny85_datasheet.pdf","Package_SO:SOIC-8W_5.3x5.3mm_P1.27mm","1",""
"U3","MIC5504_1.8","MIC5504-1.8YM5-TR","SOT23-5LD-PL-1_MCH","1",""
"U4","MIC5504-3.3YM5-TR","MIC5504-3.3YM5-TR","SOT-23-5_MC_MCH","1",""
